<?xml version="1.0" encoding="UTF-8"?>
<project-private xmlns="http://www.netbeans.org/ns/project-private/1">
    <editor-bookmarks xmlns="http://www.netbeans.org/ns/editor-bookmarks/2" lastBookmarkId="0"/>
    <open-files xmlns="http://www.netbeans.org/ns/projectui-open-files/2">
        <group>
            <file>file:/C:/Users/mohammed/Documents/NetBeansProjects/TP_OPTM_PVC/src/TP_OPTM_PVC/HeuristiquesVoisinage.java</file>
            <file>file:/C:/Users/mohammed/Documents/NetBeansProjects/TP_OPTM_PVC/src/TP_OPTM_PVC/FXMLDocumentController.java</file>
            <file>file:/C:/Users/mohammed/Documents/NetBeansProjects/TP_OPTM_PVC/src/TP_OPTM_PVC/AG.java</file>
            <file>file:/C:/Users/mohammed/Documents/NetBeansProjects/TP_OPTM_PVC/src/TP_OPTM_PVC/ProcheVoisin.java</file>
            <file>file:/C:/Users/mohammed/Documents/NetBeansProjects/TP_OPTM_PVC/src/TP_OPTM_PVC/InterfaceGraphique.java</file>
        </group>
    </open-files>
</project-private>
